{
    "algo_name": "bc",
    "experiment": {
        "name": "bcrnn-aipatchbot",
        "validate": false,
        "logging": {
            "terminal_output_to_txt": true,
            "log_tb": true
        },
        "save": {
            "enabled": true,
            "every_n_seconds": null,
            "every_n_epochs": 50,
            "epochs": [],
            "on_best_validation": true,
            "on_best_rollout_return": false,
            "on_best_rollout_success_rate": true
        },
        "epoch_every_n_steps": 500,
        "validation_epoch_every_n_steps": 10,
        "env": null,
        "additional_envs": null,
        "render": false,
        "render_video": true,
        "keep_all_videos": false,
        "video_skip": 1,
        "rollout": {
            "enabled": true,
            "n": 50,
            "horizon": 600,
            "rate": 50,
            "warmstart": 0,
            "terminate_on_success": true,
            "batched": false,
            "num_batch_envs": 5
        }
    },
    "train": {
        "data": [
            {
                "path": "./datasets/demo.hdf5",
                "eval": false,
                "lang": "coffee d2",
                "key": "coffeeD2",
                "demo_limit": 10
            }
        ],
        "output_dir": ".//trained_models_bc/",
        "normalize_weights_by_ds_size": true,
        "num_data_workers": 5,
        "hdf5_cache_mode": "low_dim",
        "hdf5_use_swmr": true,
        "hdf5_load_next_obs": false,
        "hdf5_normalize_obs": false,
        "hdf5_filter_key": null,
        "seq_length": 16,
        "dataset_keys": [
            "actions",
            "rewards",
            "dones"
        ],
        "action_keys": [
            "actions"
        ],
        "action_config": {
            "actions": {
                "normalization": null
            },
            "action_dict/abs_pos": {
                "normalization": "min_max"
            },
            "action_dict/abs_rot_axis_angle": {
                "normalization": "min_max",
                "format": "rot_axis_angle"
            },
            "action_dict/abs_rot_6d": {
                "normalization": null,
                "format": "rot_6d"
            },
            "action_dict/rel_pos": {
                "normalization": null
            },
            "action_dict/rel_rot_axis_angle": {
                "normalization": null,
                "format": "rot_axis_angle"
            },
            "action_dict/rel_rot_6d": {
                "normalization": null,
                "format": "rot_6d"
            },
            "action_dict/gripper": {
                "normalization": null
            }
        },
        "goal_mode": null,
        "cuda": true,
        "batch_size": 64,
        "num_epochs": 600,
        "seed": 1,
        "data_format": "robomimic"
    },
    "algo": {
        "optim_params": {
            "policy": {
                "optimizer_type": "adam",
                "learning_rate": {
                    "initial": 0.0001,
                    "decay_factor": 0.1,
                    "epoch_schedule": [],
                    "scheduler_type": "multistep"
                },
                "regularization": {
                    "L2": 0.0
                }
            }
        },
        "loss": {
            "l2_weight": 1.0,
            "l1_weight": 0.4,
            "cos_weight": 0.0
        },
        "actor_layer_dims": [400, 400],
        "rnn": {
            "enabled": true,
            "horizon": 600,
            "hidden_dim": 400,
            "rnn_type": "LSTM",
            "num_layers": 2,
            "open_loop": false,
            "kwargs": {
                "bidirectional": false
            }
        }
    },
    "observation": {
        "modalities": {
            "obs": {
                "low_dim": [
                    "robot0_eef_pos",
                    "robot0_eef_quat",
                    "robot0_gripper_qpos"
                ],
                "rgb": [
                    "agentview_image",
                    "robot0_eye_in_hand_image"
                ],
                "depth": [],
                "scan": []
            },
            "goal": {
                "low_dim": [],
                "rgb": [],
                "depth": [],
                "scan": []
            }
        },
        "encoder": {
            "low_dim": {
                "core_class": null,
                "core_kwargs": {},
                "obs_randomizer_class": null,
                "obs_randomizer_kwargs": {}
            },
            "rgb": {
                "core_class": "VisualCore",
                "core_kwargs": {
                    "feature_dimension": 64,
                    "flatten": true,
                    "backbone_class": "ResNet18Conv",
                    "backbone_kwargs": {
                        "pretrained": false,
                        "input_coord_conv": false
                    },
                    "pool_class": null,
                    "pool_kwargs": {
                        "num_kp": 32,
                        "learnable_temperature": false,
                        "temperature": 1.0,
                        "noise_std": 0.0,
                        "output_variance": false
                    }
                },
                "obs_randomizer_class": "CropRandomizer",
                "obs_randomizer_kwargs": {
                    "crop_height": 76,
                    "crop_width": 76,
                    "num_crops": 1,
                    "pos_enc": false
                }
            },
            "depth": {
                "core_class": "VisualCore",
                "core_kwargs": {
                    "feature_dimension": 64,
                    "flatten": true,
                    "backbone_class": "ResNet18Conv",
                    "backbone_kwargs": {
                        "pretrained": false,
                        "input_coord_conv": false
                    },
                    "pool_class": "SpatialSoftmax",
                    "pool_kwargs": {
                        "num_kp": 32,
                        "learnable_temperature": false,
                        "temperature": 1.0,
                        "noise_std": 0.0,
                        "output_variance": false
                    }
                },
                "obs_randomizer_class": null,
                "obs_randomizer_kwargs": {
                    "crop_height": 76,
                    "crop_width": 76,
                    "num_crops": 1,
                    "pos_enc": false
                }
            },
            "scan": {
                "core_class": "ScanCore",
                "core_kwargs": {
                    "feature_dimension": 64,
                    "flatten": true,
                    "pool_class": "SpatialSoftmax",
                    "pool_kwargs": {
                        "num_kp": 32,
                        "learnable_temperature": false,
                        "temperature": 1.0,
                        "noise_std": 0.0,
                        "output_variance": false
                    },
                    "conv_activation": "relu",
                    "conv_kwargs": {
                        "out_channels": [
                            32,
                            64,
                            64
                        ],
                        "kernel_size": [
                            8,
                            4,
                            2
                        ],
                        "stride": [
                            4,
                            2,
                            1
                        ]
                    }
                },
                "obs_randomizer_class": null,
                "obs_randomizer_kwargs": {
                    "crop_height": 76,
                    "crop_width": 76,
                    "num_crops": 1,
                    "pos_enc": false
                }
            }
        }
    }
}